Caption,Happy,Sad,Neutral,Man,Woman,Couple,Friends,Food,Fun,Love,Philosophy
Mập thì đẹp. Ốm thì dễ thương. Lòi xương thì dễ mến.,1,0,0,0,1,0,0,1,1,0,0
Yêu thương có thể lấp đầy hết tất cả chỉ trừ… bao tử.,1,0,0,0,0,0,0,1,1,0,0
Còn tình cảm nào chân thành hơn tình yêu dành cho thức ăn.,1,0,0,0,0,0,0,1,0,0,0
"Yêu là phải nói, cũng giống như đói cần phải ăn.",1,0,0,0,0,0,0,1,0,0,0
"Độc lập tự do, ăn no rồi ngủ.",1,0,0,0,0,0,0,1,1,0,0
Bi kịch của đời người là đam mê đặc biệt với ẩm thực nhưng lại tích cực giảm cân.,0,0,1,1,1,0,0,1,1,0,0
"Tiền là nhất, đồ ăn là nhì, vì không có tiền nên sẽ không có đồ ăn.",1,0,0,0,0,0,0,1,1,0,0
"Hãy cho tôi một đôi đũa, tôi sẽ ăn cả thế giới.",1,0,0,0,0,0,0,1,0,0,0
"Bố mẹ cho tiền ăn học, học không được thì cố mà ăn thôi.",1,0,0,0,0,0,0,1,1,0,0
Có một loại mất trí nhớ mang tính lựa chọn: Rốt cuộc thì hôm nay mình đã ăn chưa nhỉ.,1,0,0,0,0,0,0,1,0,0,0
"Ai mà biết trước được cuộc đời sẽ ra sao, thế nên hãy ăn món tráng miệng trước.",1,0,0,0,0,0,0,1,0,0,1
Chỉ nên ăn kiêng khi bạn đang chờ thịt được nấu chín mà thôi.,1,0,0,0,0,0,0,1,1,0,0
Mọi hạnh phúc trên đời đều xuất phát từ một bữa ăn sáng nhàn nhã.,1,0,0,0,0,0,0,1,0,0,0
Đồ ăn chính là biểu tượng của tình yêu khi không còn từ ngữ nào để diễn tả.,0,0,1,0,0,0,0,1,0,0,1
Sáng nào cũng ăn phở thì bảo sao ngày ngày đều nhớ về bóng hình anh!,1,0,0,0,1,0,0,1,0,0,0
"Tình yêu chỉ là hạt cát, vì đồ ăn đã lấn át tình yêu.",1,0,0,0,0,0,0,1,1,0,0
"Có lẽ cô đơn lâu quá khiến người ta trở nên dễ tính, chỉ cần một ánh mắt cũng đủ làm ta thao thức cả đêm.",1,0,0,1,1,0,0,1,0,1,1
"Nếu như ăn là sai, thì tôi đây không cần đúng.",1,0,0,0,0,0,0,1,1,0,1
Mỗi lần tôi giảm cân mà thèm ăn tôi đều tự nói với bản thân: “Ăn nữa sẽ chết!”. Và kết quả chứng minh: Căn bản là tôi không hề sợ chết!,1,0,0,0,0,0,0,1,1,0,0
Em không còn là một cô gái đợi anh nữa. Giờ em là cô gái đợi ăn.,1,0,0,0,1,0,0,1,1,0,0
"Em cũng chỉ là con gái thôi. Buồn là ăn, không ăn là buồn.",1,0,0,0,0,0,0,1,1,0,0
"Đừng yêu người chỉ biết nói lời ngon tiếng ngọt, hãy yêu người nấu đồ ngon ngọt cho bạn ăn.",1,0,0,1,0,0,0,1,0,1,0
"Nhiều người hỏi tôi yêu hay ăn quan trọng hơn, tôi không trả lời vì tôi đang bận nhai.",1,0,0,1,0,0,0,1,1,0,0
Ở đời lòng người thì thường không thơm ngon như lòng lợn!,1,0,0,0,0,0,0,1,1,0,0
"Ở đời, người duy nhất vì ta mà nhảy vào nước sôi lửa bỏng chỉ có mỳ tôm chứ không có ai khác",1,0,0,1,0,0,0,1,1,0,0
Ông trời tạo ra địa chấn. Và cái bụng mỡ của em chính là điểm nhấn.,1,0,0,0,1,0,0,0,1,0,0
Thanh xuân như một ly trà. Ăn vài miếng bánh hết bà thanh xuân,1,0,0,0,0,0,0,1,1,0,0
Độc thân không phải là ế mà đang tìm người tử tế để yêu.,0,0,1,0,1,0,0,0,0,0,0
"Một phụ nữ toàn diện là: Sáng diện, trưa diện, chiều diện, tối diện…",1,0,0,0,1,0,0,0,1,0,0
Ta về ta tắm ao ta. Dù trong dù đục cũng là cái ao.,1,0,0,0,0,0,0,0,1,0,1
Con đường ngắn nhất để đi từ một trái tim đến 1 trái tim là con đường truyền máu.,1,0,0,0,0,0,0,0,1,0,0
"Xin lỗi, có thể làm phiền em cười một cái không, cafe của anh đã quên thêm đường mất rồi.",1,0,0,1,0,0,0,1,0,1,0
Gương kia ngự ở trên tường…bao giờ ta gặp được người yêu ta… gương cười gương bảo lại rằng : “Mặt mày mà có người yêu tao quỳ”.,0,0,1,0,0,0,0,0,1,0,0
Nếu mỗi lần nhớ tới em anh được 500 đồng chắc giờ này anh đã vượt xa Bill Gates.,1,0,0,0,0,1,0,0,1,0,0
Mình thích thì mình yêu thôi. Có ai đưa em đi trốn không nào?,0,0,0,0,0,0,0,0,0,0,0
Đi xe máy bốc đầu sẽ nhanh về quê hương hơn nhưng mà về 2 lần 1 tháng,0,0,1,0,0,0,0,0,1,0,1
"Nhà anh có cái bàn thờ, đèn nhang có đủ chỉ chờ mỗi em",1,0,0,0,0,1,0,0,1,0,0
"Trên mạng em trắng nõn nà, ngoài đời em giống đàn bà châu phi",1,0,0,0,0,1,0,0,1,0,0
Lúc mới yêu tôi tưởng anh ý có tiền nhưng hóa ra là tiền án,0,1,0,0,1,0,0,0,1,0,0
"Trứng rán cần mỡ, bắp cần bơ. Yêu không cần cớ, cần cậu cơ.",1,0,0,0,1,0,0,0,0,1,0
"Bầu trời xanh, làn mây trắng Anh say nắng hay là anh say em.",0,0,1,1,0,0,0,0,0,1,0
Mẹ dặn em để ý việc học hành. Em nghe không rành nên toàn để ý anh.,0,0,1,0,1,0,0,0,0,1,0
"Hôm nay em học toán hình. Tròn vuông chẳng thấy, toàn hình bóng anh.",0,0,1,0,1,0,0,0,0,1,0
"Cha mẹ em sinh em khéo quá, nên gương mặt em mới giống hệt con dâu của mẹ anh.",0,0,1,1,0,0,0,0,0,1,0
Ngày nắng có làm anh lo lắng. Ngày mưa anh đã có người yêu chưa?,0,0,1,0,1,0,0,0,0,1,0
Người ta thì thích buổi chiều hoàng hôn buông. Còn em thì thích buổi chiều buồn hôn anh.,0,0,1,0,1,0,0,0,0,1,0
Cuộc sống thì giống cuộc đời. Còn anh thì giống bạn đời của em.,0,0,1,0,1,0,0,0,0,1,0
"Son thì màu đỏ, cỏ thì màu xanh, trời bắt đầu trở lạnh, mình yêu dần đi anh.",0,0,1,0,1,0,0,0,0,1,0
"Muốn bắt cọp thì vào sở thú, muốn tìm chỗ trú thì vào tim em.",0,0,1,0,1,0,0,0,0,1,0
Muốn mặn thì ăn muối còn muốn đắm đuối thì theo em.,0,0,1,0,1,0,0,0,0,1,0
"Trời lạnh quá, nhà không có lò sưởi, cần lắm tấm chăn 37 độ.",0,0,1,1,1,0,0,0,0,1,0
"Đông đến rồi, ai đó có lạnh không? Chứ anh thì sắp đóng băng rồi đây.",0,0,1,1,0,0,0,0,0,1,0
Không mơ cổ tích hoang đường. Chỉ xin giấc mộng bình thường có em.,0,0,1,1,0,0,0,0,0,1,0
"Trước năm 18 tuổi đức tin của anh chính là chúa, nhưng sau năm 18 tuổi đức tin của anh chính là em.",0,0,1,1,0,0,0,0,0,1,0
Thanh xuân như một chén trà. Đậm nhạt cũng được miễn là có anh.,0,0,1,0,1,0,0,0,0,1,0
"Tách ly dùng để uống trà. Tình ca để hát, em là để yêu.",0,0,1,1,0,0,0,0,0,1,0
Hoa hướng dương chỉ luôn hướng về một phía. Bông hoa ấy cũng giống như em vậy. Cả đời em cũng chỉ hướng về phía anh.,1,0,0,0,1,0,0,0,0,1,0
"Để đạt được cái gọi là hạnh phúc phúc cần một chút can đảm, cần 1 chút lòng tin và cần nhiều hơn sự cố gắng. Chỉ buồn là chưa cố gắng đã muốn dừng lại rồi.",0,1,0,0,1,0,0,0,0,1,0
Hình như em đang để điện thoại của mình ở chế độ rung hay sao ấy. Vì vừa nhìn thấy anh cả người em đã rung lên bần bật. Ô…mà em có xài điện thoại đâu nhỉ.,0,0,1,0,1,0,0,0,0,1,0
"Bên em thôi, đừng bên ai. Yêu em thôi, đừng thêm ai.",0,0,1,0,1,0,0,0,0,1,0
Anh sẽ kiện em vì tội cố tình gây thương nhớ và một ngày nào đó phiên tòa sẽ kết tội bằng một tờ giấy kết hôn,1,0,0,1,0,0,0,0,0,1,0
Sinh ra là con gái đã khổ. Nhưng chỉ cần chọn đúng người đàn ông của đời mình là mỉm cười hạnh phúc,0,0,1,0,1,0,0,0,0,1,0
"Nếu lá là những ôm ấp vuốt ve, anh sẽ tặng em cả rừng cây. ",1,0,0,1,0,0,0,0,0,1,0
"Nếu đêm dài là tình yêu, anh muốn gửi em cả trời sao lấp lánh.",1,0,0,1,0,0,0,0,0,1,0
"Nếu anh chịu nấu cơm cho em ăn một đời, em sẽ yêu anh cả kiếp.",0,0,1,0,1,0,0,0,0,1,0
Nhà em có bán rượu không mà nói chuyện với em anh say quá.,0,0,1,1,0,0,0,0,0,1,0
Trời chỉ đẹp khi trời còn nắng. Em chỉ vui khi em còn anh.,0,0,1,0,1,0,0,0,0,1,0
"Nơi con sống là đô thành phồn hoa. Nhưng lòng con vẫn luôn hướng về ngôi nhà nhỏ, về mẹ, về cha, hướng về gia đình ta.",1,0,0,1,0,0,0,0,0,0,1
Gia đình với con không chỉ là nơi đi đi về về. Mà đó với con chính là tổ ấm đầy sự yêu thương.,1,0,0,0,1,0,0,0,0,0,1
Con luôn mong thời gian có thể cho chậm đi để gia đình ta có thêm thời gian vui cười bên nhau.,0,1,0,0,1,0,0,0,0,0,1
"Duy chỉ có ở nơi gia đình, người ta mới tìm được chốn nương thân để chống lại những tai ương của số mệnh.",0,1,0,0,1,0,0,0,0,0,1
Tất cả kho báu trên Trái đất không thể nào sánh bằng hạnh phúc gia đình.,1,0,0,1,1,0,0,0,0,0,1
"Thứ đẹp nhất cũng là thứ đau khổ nhất đó chính là tình yêu! Thứ cao quý nhất, cũng là thứ ti tiện nhất chính là hôn nhân và gia đình.",0,1,0,0,1,0,0,0,0,1,1
"Linh hồn của gia đình êm dịu và nhân nghĩa cho kẻ nào yêu mến, kính trọng nó.",0,0,1,0,0,0,0,0,0,0,1
Tình yêu và sự quan tâm lo lắng của cha mẹ là món quá quý giá nhất mà con được tặng từ khi mới chào đời.,1,0,0,0,1,0,0,0,0,0,1
"Trong cuộc sống, đôi khi chúng ta dễ cảm kích với những hành động nhỏ mà một số người chung quanh làm cho chúng ta, nhưng đối với những người thân thuộc, nhất là cha mẹ, chúng ta lại xem sự hi sinh của họ như chuyện đương nhiên.",0,1,0,0,0,0,0,0,0,0,1
Kiếp trước còn tin con đã tu hành rất tốt nên kiếp này mới may mắn được làm con gái của mẹ.,1,0,0,0,1,0,0,0,0,0,1
"Gia đình là nơi không ai bỏ rơi ai và yêu thương ai đó vô điều kiện. Người ta có rất nhiều nơi để đến, nhưng chỉ có một chốn để quay về.",1,0,0,0,0,0,0,0,0,0,1
"Gia đình là trường học của lòng khoan dung, vì nó luôn tồn tại và dạy chúng ta cách sống với những người khác.",0,0,1,0,0,0,0,0,0,0,1
"Gia đình là lớp học đầu tiên dạy ta những câu nói đầu đời, và nó dạy cho ta biết thế nào là yêu thương, che chở và bao dung và chỉ có nơi này mới có thể có đủ lòng bao dung khi ta phạm phải những sai lầm, và đây cũng là nơi duy nhất để ta trở về sau những vấp ngã.",0,0,1,0,0,0,0,0,0,0,1
"Chúng ta thường hay coi trọng những thứ xung quanh, và thường mơ ước đến những thứ không thể với tới được nhưng lại không quan tâm đến những điều gần gũi nhất.",0,0,1,0,0,0,0,0,0,0,1
Bạn có thể có nhiều bạn bè nhưng bạn chỉ có duy nhất một gia đình.,0,0,1,0,0,0,0,0,0,0,1
Gia đình là điều quan trọng nhất trên thế giới này.,0,0,1,0,0,0,0,0,0,0,1
Không gì có thể bằng niềm vui gia đình.,0,0,1,0,0,0,0,0,0,0,1
"Không ai có thể sẵn sàng giúp đỡ bạn mà không hề do dự ngoài gia đình, dù bạn có thất bại bao nhiêu lần, dù bạn có sa sút như thế nào thì vẫn có gia đình luôn ở bên cạnh để giúp bạn chia sẻ những gánh nặng trong cuộc sống.",0,0,1,0,0,0,0,0,0,0,1
"Gia đình không phải là một điều quan trọng, mà nó là tất cả mọi thứ.",0,0,1,0,0,0,0,0,0,0,1
Trân trọng từng giây phút với những người bạn yêu thương trong mỗi giai đoạn của con đường đời.,0,0,1,0,0,0,0,0,0,0,1
"Trong tất cả những điều có thể tưởng tượng được, thì gia đình như là một đường kết nối với quá khứ và cây cầu nối tương lai.",0,0,1,0,0,0,0,0,0,0,1
Nhà không phải nơi trú ẩn tạm thời: điều cốt lõi của nó nằm trong tính cách của những người sống trong đó.,0,0,1,0,0,0,0,0,0,0,1
Gia đình là nơi mà khi nghĩ về bạn thấy tâm hồn mình thật bình yên…,0,0,1,0,0,0,0,0,0,0,1
Điều khác biệt giữa gia đình và xã hội chính là tình thương yêu.,0,0,1,0,0,0,0,0,0,0,1
Gia đình là nơi bạn có thể sống thật nhất mà không phải tạo cho mình một vỏ bọc nào cả.,0,0,1,0,0,0,0,0,0,0,1
"“Mỗi cây mỗi hoa – mỗi nhà mỗi cảnh” – Ai rồi cũng có cuộc sống gia đình của mình riêng, cho dù là trải qua bao nhiêu chuyện buồn đau trong gia đình nhưng gia đình chính là nơi tìm về của các bạn.",0,0,1,0,0,0,0,0,0,0,1
Đôi khi bạn thân cũ còn đau hơn là người yêu cũ,0,1,0,0,0,0,1,0,0,0,1
Thà rằng cô đơn vì không yêu ai cả. Chứ chẳng muốn bản thân yêu ai đó rồi mà vẫn thấy cô đơn! ,0,1,0,0,0,0,0,0,0,1,1
"Cần tin nhắn mỗi ngày, cần ai đó quan tâm để tôi biết mình đang được yêu thương.",0,1,0,0,0,0,0,0,0,1,0
"Đến đôi dép còn có đôi, mà sao mình vẫn lẻ chiếc.",0,1,0,0,0,0,0,0,0,1,0
Dù mùa đông có lạnh thế nào đi nữa cũng không lạnh bằng sự cô đơn vây kín tôi hằng đêm.,0,1,0,0,0,0,0,0,0,1,0
Đừng cãi lý với kẻ say. Đừng bắt tay với kẻ xấu. Đừng chiến đấu với kẻ liều. Đừng nói nhiều với kẻ ngu.,0,0,1,0,0,0,0,0,0,0,1
Người ta khiến bạn đau khổ là họ không tốt. Những đắm chìm trong đau khổ ấy hay không là quyền của bạn.,0,0,1,0,0,0,0,0,0,0,1
Nếu hôm nay cả thế giới quay lưng lại với bạn thì bạn cũng phải học cách tự yêu bản thân mình.,0,0,1,0,0,0,0,0,0,0,1
Phụ nữ đẹp nhất khi không thuộc về ai.,0,0,1,0,0,0,0,0,0,0,1
Không có người yêu cũng không sao cả. 20 tuổi là lúc cố gắng để khẳng định bản thân chứ không phải để thoát ế.,0,0,1,0,0,0,0,0,0,0,1
"Có người ghét bạn à, không sao. Càng có nhiều người ghét càng chứng tỏ bạn có điểm hơn họ.",0,0,1,0,0,0,0,0,0,0,1
"Yêu là tình nguyện quan tâm và chăm sóc. Còn yêu mà bi lụy thì không phải là yêu, chỉ là sự níu kéo vô nghĩa mà thôi.",0,0,1,0,0,0,0,0,0,0,1
Không có người yêu không phải vì tôi không đủ tốt. Đó là do không có ai đủ tốt để có được tôi.,0,0,1,0,0,0,0,0,0,0,1
"Cuộc đời quá nhiều thăng trầm, tình cảm đứt đoạn, buồn lắm nhưng vẫn phải vượt qua thôi.",0,0,1,0,0,0,0,0,0,0,1
Đừng cứ sống vì người khác. Hy sinh vì người khác. Nếu cứ vậy sau này bạn sẽ nhận ra người tổn thương nhất là mình.,0,0,1,0,0,0,0,0,0,0,1
"Đừng cầu xin cho một cuộc sống dễ dàng, Hãy cầu cho có sức mạnh để chịu đựng một cuộc sống khó khăn.",0,0,1,0,0,0,0,0,0,0,1
Hãy trân trọng những gì bạn đang có trước khi thời gian dạy cho bạn biết trân trọng những gì bạn đã có.,0,0,1,0,0,0,0,0,0,0,1
"Tình yêu không cần đúng sai, không cần thắng thua hay nắm buông. Quan trọng là có vì nhau mà níu giữ hay không !",0,0,1,0,0,0,0,0,0,0,1
"Tình yêu tìm được nhau đã khó, ở cạnh nhau lại càng không dễ. Buông tay dễ lắm, một người nói kết thúc, một người gật đầu, vậy là xong. Chứ nắm được mới là khó. Níu sao cho vừa, giữ sao cho chắc, vậy mới phải học một đời.",0,0,1,0,0,0,0,0,0,0,1
"Một cô gái thông minh sẽ chọn lựa cuộc sống độc thân thay vì bị lừa dối, phản bội và đối xử vô tâm….",0,0,1,0,0,0,0,0,0,0,1
"Tự dưng yêu, cũng có thể tự dưng hết yêu, có gì mà khó hiểu?",0,0,1,0,0,0,0,0,0,0,1
Cuộc hành trình dài ngàn dặm bắt đầu từ một bước chân nhỏ bé.,0,0,1,0,0,0,0,0,0,0,1
"Đừng chỉ học cách yêu ai đó thôi, hãy học cả cách yêu bản thân nữa.",0,0,1,0,0,0,0,0,0,0,1
Tôi chưa bao giờ tìm thấy người bạn đồng hành nào tốt hơn sự cô độc.,0,0,1,0,0,0,0,0,0,0,1
"Lúc đau buồn nên tìm một người bạn mà mình tin tưởng để trút tâm sự, không nên chịu đựng một mình. Đừng để nỗi buồn phải chứa cả nỗi cô đơn.",0,0,1,0,0,0,0,0,0,0,1
"Ở một mình không cô đơn, nhớ ai đó mới cô đơn.",0,0,1,0,0,0,0,0,0,1,1
"Nếu cuộc đời anh là một trò chơi xếp hình, em sẽ là mảnh ghép cuối cùng để hoàn thiện anh.",0,0,1,0,0,0,0,0,0,1,0
"Tình yêu không có lỗi, lỗi là do hai người yêu nhau mà không biết đến hai chữ VÌ NHAU.",0,0,1,0,0,0,0,0,0,1,0
Đôi khi chúng ta phải chấp nhận việc quên đi một số người trong quá khứ. Bởi vì một lý do đơn giản: họ không thuộc về tương lai của bạn.,0,0,1,0,0,0,0,0,0,1,0
Khi yêu sợ nhất là người ta vẫn nhận lời yêu nhưng trong tim họ mình không hề tồn tại.,0,0,1,0,0,0,0,0,0,1,0
Khi không còn vị trí đặc biệt trong lòng ai đó. Tốt nhất ta nên chọn cách im lặng và ra đi.,0,0,1,0,0,0,0,0,0,1,0
"Khi mà mọi sự xa cách đếm được vẫn chỉ là vấn đề thời gian và địa lí, chỉ sự cách xa lúc đo bằng kỷ niệm mới là khoảng không vĩnh viễn khó lấp đầy…thì chia tay, dù đau, nhưng chưa bao giờ là điều buồn nhất.",0,0,1,0,0,0,0,0,0,1,0
"Đừng mơ ước những ai ngoài tầm với, mây của trời…hãy để gió cuốn đi.",0,0,1,0,0,0,0,0,0,1,0
"Tình yêu không cần phải hoàn hảo, nó chỉ cần chân thật.",0,0,1,0,0,0,0,0,0,1,1
"Tôi không hối hận về quá khứ, nó làm tôi mạnh mẽ hơn, nhưng tôi hối hận vì khoảng thời gian mất đi tôi đã dành cho một người không đúng.",0,0,1,0,0,0,0,0,0,1,1
Nếu buông tay là mất tất cả. Liệu nắm chặt có giữ được gì không?,0,0,1,0,0,0,0,0,0,1,1
"Có một loại người vô cùng nghiện đi du lịch. Chỉ đơn giản là vì họ thích tự do, thích đi đó đi đây mà bỏ lại dòng đời xô bồ, phiền não.",1,0,0,0,0,0,0,0,0,0,0
Thế giới vô cùng rộng lớn và tươi đẹp. Vì thế nên em luôn muốn cố gắng hết sức để nhìn ngắm thế giới ấy. Nhưng bằng chính sức của mình chứ không dựa vào ai cả.,1,0,0,0,0,0,0,0,0,0,0
Nghe nói chăm đi du lịch rất có thể sẽ gặp được chân ái đời mình.,1,0,0,0,0,0,0,0,0,0,0
Bây giờ mong ước của cuộc đời em chỉ là kiếm thật nhiều tiền để đi du lịch cùng ba mẹ. Em chỉ muốn đối xử với bản thân và gia đình tốt một chút chứ không bận lòng chuyện yêu đương nữa.,1,0,0,0,0,0,0,0,0,0,0
Một trong những điều đáng tiếc của cuộc đời là trước năm 25 tuổi nhưng chưa từng đặt chân đi du lịch.,1,0,0,0,0,0,0,0,0,0,0
"Anh muốn làm một chuyến du lịch thật dài, liệu em có muốn làm bạn đồng hành của anh không?",1,0,0,0,0,0,0,0,0,0,0
Những chuyến đi xa sẽ giúp đầu óc chúng ta thảnh thơi. Khi ấy ta sẽ tạm thời quên đi những lo âu phiền muộn. Khi ấy ta sẽ cảm nhận được hạnh phúc thật thụ.,1,0,0,0,0,0,0,0,0,0,0
Người yêu Du lịch thực thụ là người không bao giờ chê bai quê hương của mình. Đó là người khi đi đâu xa cũng cảm thấy phong cảnh quê hương là đẹp nhất.,1,0,0,0,0,0,0,0,0,0,1
"Đi tới đâu không quan trọng, quan trọng là đi cùng nhau.",1,0,0,0,0,0,0,0,0,1,1
Tôi thích cảm giác được là kẻ vô danh trong một thành phố xa lạ.,1,0,0,0,0,0,0,0,0,1,0
Giá như có thể đi đến một nơi mà không ai biết ta là ai. Nơi mà chỉ có ta và thiên nhiên hoang dại….,1,0,0,0,0,0,0,0,0,0,1
"Lợi ích của việc đi là để lấy thực tế điều chỉnh trí tưởng tượng, và thay vì ngồi hình dung ra mọi chuyện, cứ đi để xem nó thực sự như thế nào.",1,0,0,0,0,0,0,0,0,0,1
"Bạn chả cần phải đợi chờ những người xung quanh để đi du lịch cùng nhau. Cứ thế mà đi một mình, tự thân khám phá những vùng đất mới có khi lại hay.",1,0,0,0,0,0,0,0,0,0,1
"Lúc nào cũng mang hộ chiếu theo bên người hoặc luôn biết chắc nó đang ở đâu, vì bạn thường xuyên sử dụng nó.",1,0,0,0,0,0,0,0,0,0,1
"Không cần nhiều lí do để bắt đầu 1 chuyến đi mới. Mọi thứ có khi chỉ bắt đầu từ một bộ phim, một bài hát, một bức ảnh…",1,0,0,0,0,0,0,0,0,0,1
Có công mài sắt có ngày mỏi tay.,1,0,0,0,0,0,0,0,1,0,1
"Người bạn chân thực luôn luôn là: Khi bạn lầm lỗi, người đó không nghĩ là bạn thường xuyên làm như vậy.",1,0,0,0,0,0,1,0,1,0,0
"“Bước đến nhà em, bóng xế tà. Đứng chờ năm phút bố em ra. Lơ thơ phía trước vài con chó. Lác đác đằng sau chổi lông gà”",1,0,0,0,0,1,0,0,1,0,1
Lương tâm là cái buộc ta phải kể hết mọi bí mật cho người tình trước khi có ai đó mách.,1,0,0,0,0,1,0,0,1,0,1
"Khi nhìn thấy những cặp tình nhân khắc tên nhau trên cây, tôi luôn tự hỏi: yêu đương thì mang theo dao làm gì.",0,0,1,0,0,0,0,0,1,1,0
Ai cũng tìm một nửa của mình còn thiếu nhưng riêng tôi thì không! Bởi vì tôi không bị đứt đôi người. Tôi quá hoàn hảo.,0,0,1,0,1,0,0,0,1,1,1
Hãy đi lên bằng chính đôi chân mình – Nếu thang máy hỏng.,0,0,1,0,0,0,0,0,1,0,1
"“Trời buồn trời đổ cơn mưa. Em buồn em ngủ từ trưa tới chiều. Ngủ xong dậy ăn cơm chiều. Ăn xong lại ngủ từ chiều tới mai.""",0,0,1,0,1,0,0,0,1,0,1
"Học không chơi đánh rơi tuổi trẻ. Chơi không học có vẻ vui hơn. Khi không còn yêu, người ta thề sống chết… với nhau.",0,0,1,0,0,0,0,0,1,0,1
Con cóc là cậu ông trời. Nghe tiếng cóc gọi được nồi cháo ngon.,0,0,1,0,0,0,0,1,1,0,0
Em cũng chỉ là con gái thôi. Buồn là ăn không ăn là buồn.,1,0,0,0,1,0,0,1,0,0,1
Yêu nhau thì thề sống chết cùng nhau. Ghét nhau thì thề sống chết với nhau.,0,0,1,0,0,0,0,0,1,1,1
"Tình yêu sẽ mãi mãi trường tồn, chỉ có người yêu là thay đổi.",0,0,1,0,0,0,0,0,1,1,1
"Thú nhận tội lỗi thì tốt cho tâm hồn của bạn, nhưng rất xấu cho nghề nghiệp của bạn",0,0,1,0,0,0,0,0,1,0,1
"Xăng … có thể cạn, lốp … có thể mòn, nhưng số máy, số khung thì không bao giờ thay đổi.",0,0,1,1,0,0,0,0,1,0,1
Có một thứ tiền không thể mua được. Đó là sự nghèo khó!,0,0,1,0,0,0,0,0,1,0,1
"Mỉm cười thì có bạn, nhăn mặt thì có nếp nhăn.",1,0,0,0,0,0,0,0,1,0,1
"Ế là xu thế, nên hãy sống tử tế và tỏa sáng nhé các chế.",0,0,1,0,0,0,1,0,1,0,1
Người ta dùng thời gian để kiếm tiền… rồi dùng tiền để đốt thời gian,0,1,0,0,0,0,0,0,0,0,1
Nếu có yêu ngay cái nhìn đầu tiên thì bạn sẽ đỡ tốn tiền và thời gian.,0,0,1,0,0,1,0,0,1,0,1
Ly dị là sự kiện mà người đàn ông phải giặt đồ cho mình…thay vì trước đó phải giặt đồ cho cả hai.,0,0,1,0,0,0,0,0,1,1,0
TỰ KỶ là gì??? Là tự mình sống hết thế kỷ.,0,1,0,0,0,0,0,0,1,0,1
"Người ta thường nói cười là phương thức tốt nhất để chữa lành mọi tổn thương. Nhưng khi bạn cười mà không có lý do, thì lúc đó bạn cần thuốc.",0,0,1,0,0,0,0,0,1,0,1
Chết vì người phụ nữ bạn yêu thì dễ hơn sống chung với họ.,0,0,1,0,0,0,0,0,1,1,1
Ngắn gọn thể hiện sự thông minh nhưng không đúng trong trường hợp người ta nói “Anh yêu em!”,0,0,1,0,0,0,0,0,1,1,1
"Cuộc sống vốn ngắn ngủi, vì vậy bạn hãy luôn cười khi còn đủ răng.",0,0,1,0,0,0,0,0,1,1,0
"Tình yêu là một giấc mơ dài ngọt ngào, còn kết hôn là một chiếc đồng hồ báo thức!",0,1,0,0,0,1,0,0,1,1,0
Dân thường chơi đẹp đè bẹp dân chơi.,1,0,0,0,0,0,0,0,1,1,0
Anh cho em mượn điện thoại một xíu được không? Em cần gọi báo cho Chúa là em đã tìm được thiên thần mà ngài lạc mất rồi.,1,0,0,0,1,0,0,0,1,1,0
"“Nếu giọt nước là những nụ hôn, anh sẽ trao em biển cả. Nếu lá là những ôm ấp vuốt ve, anh sẽ tặng em cả rừng cây.""",0,0,1,1,0,0,0,0,0,1,0
"Cô đơn à, về với chú đơn đi cô, đừng theo cháu nữa.",0,1,0,0,1,0,0,0,0,1,0
"Sống là phải biết cho đi! Hãy cho đi tất cả, để rồi nhận ra rằng đòi lại rất khó…",0,0,1,0,0,0,0,0,1,1,0
Bắc Đẩu đã có Nam Tào. Còn anh đã có người nào hay chưa?,0,0,1,0,1,0,0,0,1,1,0
Vợ chồng nghĩa nặng tình sâu. Thương nhau đến lúc bạc đầu còn thương.,1,0,0,0,0,1,0,0,0,1,0
"Hôm nay, anh đã nhìn thấy một thứ gì đó từ cửa sổ của một cửa hiệu. Nó sáng đẹp lấp lánh và cuốn hút. Anh đã muốn mang nó về tặng nhưng, nhưng sau đó anh nhận ra rằng đó chính là hình ảnh phản chiếu của chính mình.",1,0,0,1,0,0,0,0,1,1,0
Cá không ăn muối cá ươn. Anh mà dính thính trăm đường anh hư.,1,0,0,0,1,0,0,0,1,1,0
"“Nếu như có một cô gái sẵn sàng chết vì tôi, bạn biết vì sao không? Nó chứng tỏ cô ấy tha thiết chết còn hơn phải yêu tôi.""",0,0,1,1,0,0,0,0,1,1,0
"Vợ càng yêu chồng càng sửa được nhiều khuyết tật của chàng, Chồng càng yêu vợ càng tăng thêm các tật xấu của nàng.",0,0,1,0,0,1,0,0,1,1,0
"“Ở bên anh, em bình yên đến lạ. Xa anh, em thấy lạ nhưng cũng khá bình yên.""",0,0,1,0,1,0,0,0,1,0,0
Buổi trưa anh đói cồn cào. Ship anh một chút ngọt ngào đi em.,1,0,0,1,0,0,0,1,1,1,0
Trời nắng đâu làm tôi cháy. Nhưng mà cười của cậu chắc chắn làm tôi say.,1,0,0,1,1,0,0,0,0,1,0
Năm nay em vẫn một mình. Nếu anh cũng thế thì mình yêu thôi.,1,0,0,0,1,0,0,0,0,1,0
Tại sao những bà vợ lại nguy hiểm hơn cả trùm Mafia? Họ chỉ cần tiền hoặc mạng sống. Các bà vợ thì muốn cả hai.,0,0,1,0,0,0,0,0,1,1,1
"Khi anh nhìn vào trong ví, trong đó chẳng còn xu nào, khi anh nhìn vào túi quần, nó cũng rỗng tuếch, và khi anh nhìn vào trái tim mình, anh thấy em, và chỉ lúc đó anh mới nhận ra rằng mình đã giàu.",1,0,0,1,0,0,0,0,0,1,0
"Em xin lỗi vì không tặng anh một hộp chocolate ngày Valentine, nhưng nếu anh muốn chút gì đó ngọt ngọt, thì em ở ngay đây nè.",1,0,0,0,1,0,0,0,0,1,0
Tính em không thích lưng chừng. Yêu em chẳng sợ cắm sừng đâu anh.,0,0,1,0,1,0,0,0,0,1,0
Đồ ngọt duy nhất mà anh muốn trong ngày lễ tình nhân là cái bánh ngọt đáng yêu như em đó!,0,0,1,1,0,0,0,0,0,1,0
"Một vài người bước vào cuộc đời chúng ta và để lại dấu chân của họ trong trái tim chúng ta, nhưng cũng có những người bước vào cuộc đời chúng ta và chúng ta chỉ muốn để lại dấu chân của mình trên mặt họ.",0,1,0,0,1,0,0,0,0,1,1
"Nếu bạn muốn vợ bạn lắng nghe mình, hãy nói chuyện với người phụ nữ khác; vợ bạn, cô ấy sẽ tự muốn nghe ngóng.",0,0,1,0,0,1,0,0,1,1,0
Nhiều cuộc hôn nhân sẽ tốt hơn nếu người chồng và người vợ hiểu rõ ràng rằng họ đang ở cùng một bên.,0,0,1,0,0,1,0,0,0,1,0
Bình này để uống trà. Hoa thơm để ngắm. Em là để yêu.,1,0,0,1,0,0,0,0,0,1,0
Em dành tiền không mua đồ tết. Mà để đó mua hết trái tim anh.,1,0,0,0,1,0,0,0,0,1,0
"Tết anh đã có hoa đào, còn em chưa có anh nào rước đi.",1,0,0,0,1,0,0,0,1,1,0
"Người ta nói bạn không thể sống nếu không có tình yêu, nhưng tôi nghĩ oxy còn quan trọng hơn.",0,0,1,0,0,0,0,0,0,1,0
Trái tim em sẽ mở cửa 2 lần. Đón anh vào và tống cổ anh đi,0,0,1,0,1,0,0,0,1,1,0
"Chào anh, em đang phải làm một khảo sát. Cho em hỏi anh tên gì? Số điện thoại bao nhiêu? Thứ 7 tuần tới anh có rảnh không?",0,0,1,0,1,0,0,0,1,1,0
Một người đàn ông kết hôn với một người phụ nữ và hi vọng rằng cô ấy sẽ không bao giờ thay đổi. Một người phụ nữ kết hôn với một người đàn ông lại nghĩ rằng cô ta có thể thay đổi được anh ấy.,0,0,1,0,0,0,0,0,1,1,0
Vợ tôi mà ăn diện thì ai nhìn cũng chết. Và khi cô ấy nấu nướng cũng vậy.,0,1,0,1,0,0,0,1,0,1,0
"Mọi đàn ông đều mong muốn lấy một người vợ xinh đẹp, hiểu mình, biết tiết kiệm và biết nấu ăn ngon. Nhưng trớ trêu thay pháp luật chỉ cho họ cưới có một vợ.",0,0,1,0,0,1,0,0,1,1,0
"Nếu có 1 đôi tất, Em sẽ là chiếc bên phải.Con anh là tất cả.",1,0,0,0,1,0,0,0,0,1,0
Phụ nữ thường hay lo lắng về tương lai cho đến khi họ lấy chồng. Còn đàn ông thì chẳng bao giờ lo lắng về tương lai cả cho đến khi họ lấy vợ.,0,0,1,0,0,1,0,0,1,1,0
"Mỗi khi em nhìn anh, em sẽ thấy nhiều ngôi sao hơn cả trong phim Ngày Lễ Tình Nhân nữa đó.",1,0,0,0,0,1,0,0,0,1,0
Tình yêu vốn dĩ chỉ dành cho hai người. Thế mà một số người hình như vẫn không biết đếm.,0,1,0,0,0,1,0,0,0,1,0
Trân châu nấu với đường đen. Uống xong cho thiếp làm quen với chàng.,0,0,1,0,1,0,0,0,1,1,0
Muốn dẫn cậu đi paris vì nhận ra tình yêu của cậu và tôi hợp pháp.,1,0,0,0,0,1,0,0,1,1,0
Em là biển anh là san hô. Biển thiếu san hô biển vẫn sống. San hô thiếu biển chết khô queo.,0,0,1,0,0,1,0,0,1,1,0
Tâm bất thính giữa dòng đời vạn thính.,0,0,1,0,1,0,0,0,1,0,0
"“Nếu đêm dài là tình yêu, anh muốn gửi em cả trời sao lấp lánh. Nhưng trái tim anh không thể dành tặng em được vì nơi đó đã thuộc về em.""",1,0,0,1,0,0,0,0,0,0,0
"Tôi nghĩ tôi đang bắt đầu có vấn đề về thị lực, bởi vì kể từ khi kết hôn đến giờ tôi không nhìn thấy tiền đâu trong căn nhà của mình.",0,1,0,1,0,0,0,0,1,1,0
Thời điểm duy nhất mà vợ tôi lắng nghe tôi là khi tôi nói em có muốn một ít tiền không.,0,1,0,1,0,0,0,0,1,1,0
"Lý trí em để trong túi quần, nhưng khi gặp anh em lại mặc váy",1,0,0,0,1,0,0,0,1,1,0
Soái ca là của ngôn tình. Còn anh là của một mình em thôi.,1,0,0,0,1,0,0,0,0,1,0
Thịt mỡ dưa hành câu đối đỏ. Em đây bé nhỏ chẳng ai yêu.,0,0,1,0,1,0,0,0,1,1,0
"Nếu anh là một ly đen đắng, em sẽ là sữa trắng ngọt ngào.",1,0,0,0,0,1,0,0,0,1,0
Anh có thích nước không? Nếu thích vậy là anh đã thích hơn 70% của em rồi đấy!,0,0,1,1,0,0,0,0,0,1,0
"Thay vì tặng anh một đóa hồng không héo, để em gửi anh một mối tình không phai!",0,0,1,0,0,1,0,0,0,1,0
Bột ngọt thì ngọt nhưng gây ung thư. Còn anh cũng ngọt nhưng gây tương tư.,0,0,1,1,0,0,0,0,1,1,0
"Không muốn tiến thủ, chỉ muốn anh.",0,0,1,0,1,0,0,0,0,1,0
"Em yêu bầu trời xanh, yêu cả cánh hoa hồng.Nhưng không quên một thứ, đó chính là yêu anh.",1,0,0,0,1,0,0,0,0,1,0
Thời tiết này yêu em là hợp lý. Anh mà bỏ phí thì là anh ngu.,0,0,1,0,1,0,0,0,1,0,0
"Thân thiện với môi trường, từ trường với môi anh.",0,0,1,0,0,0,0,0,1,1,0
"Ngẩng đầu nhìn trăng sáng, cúi đầu... muốn hôn anh.",0,0,1,0,1,0,0,0,0,1,0
Em đây không thích la cà. Mà em chỉ thích mặn mà với anh.,0,0,1,0,1,0,0,0,0,1,0
Áo anh màu trắng. Mắt anh màu nâu. Cũng có gì đâu?. Mà làm má em hồng,0,0,1,0,1,0,0,0,0,1,0
Tớ biết tại sao tớ lại bị cảm nắng rồi. Vì tớ chẳng có chút miễn dịch nào đối với cậu cả.,0,0,1,0,1,0,0,0,0,1,0
Nếu em là trại tâm thần. Thì anh nguyện làm người điên suốt đời.,0,0,1,0,1,0,0,0,1,1,0
Mọi người thì thích trà sữa. Còn em thì thích trà trộn vào tim anh.,0,0,1,0,1,0,0,0,0,1,0
"Hôm nay trời xanh mây trắng. Em không say nắng mà say ""i love you"".",0,0,1,0,1,0,0,0,0,1,0
"“Em gầy vào mùa hạ, và ốm vào mùa đông. Anh có yêu em không, hả chàng trai trong mộng?""",0,0,1,0,1,0,0,0,0,1,0
Họ thích nghe nhạc vì lời. Còn em lại thích trọn đời có anh.,1,0,0,0,1,0,0,0,0,1,0
Chẳng cần nghiêng nước nghiêng thành. Chỉ cần nghiêng đủ lòng anh là vừa.,1,0,0,0,1,0,0,0,0,1,0
Sao anh nhìn giống một người họ hàng của em thế? Giống con rể của me em,0,0,1,0,1,0,0,0,0,1,0
"Cà phê thì đắng, còn ớt thì cay, uống bia tỉnh lắm, gặp anh thì say",0,0,1,0,1,0,0,0,0,1,0
"Tình yêu của em dành cho anh như iốt vậy, không cần xúc tác nhưng vẫn thăng hoa.",0,0,1,0,1,0,0,0,0,1,0
"Anh đẹp trai, bổn cô nương vừa bói quẻ cho anh, mệnh của anh khuyết một nửa, nửa đó là em đấy!",0,0,1,0,1,0,0,0,0,1,0
"Bao năm phê đá phê cần, không bằng một phút ngồi gần bên em.",0,0,1,1,0,0,0,0,1,1,0
"Anh trú ngụ trong tim em lâu như vậy, thế đã trả tiền trọ phòng chưa?",0,0,1,0,1,0,0,0,0,1,0
Xiêu lòng ánh mắt. Xong liều yêu anh.,1,0,0,0,1,0,0,0,0,1,0
Cảm lạnh có thể là do gió. Nhưng cảm nắng chắc chắn là do em.,1,0,0,1,0,0,0,0,0,1,0
Bệnh nào cũng có thuốc chữa nhưng duy nhất và sẽ không bao giờ có thuốc chữa được bệnh em ngừng yêu anh.,1,0,0,0,1,0,0,0,0,1,0
Anh ơi gió lạnh gần kề. Anh mau thu xếp mà về với em.,1,0,0,0,1,0,0,0,0,1,0
"Vì gặp được anh, gần đây em hay trộm 2 thứ. Đó là trộm nhìn, lại trộm cười.",1,0,0,0,1,0,0,0,0,1,0
"Chim thuộc về rừng, em thuộc về anh.",0,0,1,0,1,0,0,0,0,1,0
Muối tan khi khuấy lên trong nước còn em thấy anh là tự tan rồi,0,0,1,0,1,0,0,0,0,1,0
Em đây không thích la cà. Em đây chỉ thích mặn mà với anh.,1,0,0,0,1,0,0,0,0,1,0
Con cóc là cậu ông trời. Còn anh là cả cuộc đời của em.,1,0,0,0,1,0,0,0,0,1,0
"Em thích anh đã hơn hai phút rồi, không thu hồi lại được.",0,0,1,0,1,0,0,0,0,1,0
"Đừng đuổi theo bus nữa, theo đuổi em đi. Em chạy chậm, còn dễ thương nữa.",0,0,1,0,1,0,0,0,0,1,0
"Tớ béo thế này, là bởi vì trong lòng tớ còn có cậu nữa",0,0,1,0,1,0,0,1,0,1,0
Em sinh ra không phải để sống vất vả. Mà là để sau này được gả cho anh.,0,0,1,0,1,0,0,0,0,1,0
"Nếu như 2+1 cũng bằng với 1+2, thì có phải anh yêu em cũng đồng nghĩa với em yêu anh đúng không nào?",0,0,1,0,1,0,0,0,0,1,0
"Chim thường yêu trời, con nít thường yêu kem.Anh thì rất yêu đời, và cũng rất yêu em.",1,0,0,1,0,0,0,0,0,1,0
Có một đốm lửa nhỏ. Thắp lên hạnh phúc to.Em đã có ai ngỏ. Hay là để anh lo.,0,0,1,1,0,0,0,0,0,1,0
"Thức khuya em tỉnh bằng trà, yêu anh em trả bằng tình được không?",0,0,1,0,1,0,0,0,0,1,0
"Bia độc hơn rượu , bằng chứng trên thế giới chỉ có ” mộ bia ” mà không có ” mộ rượu “",0,0,1,0,0,0,0,1,1,0,0
Tiên học lễ hậu học….ăn.,1,0,0,0,0,0,0,1,0,0,0
"Khi lòng người giông bão, không có nơi nào gọi là bình yên.",0,1,0,0,0,0,0,0,0,0,1
Nợ nần biến người ta thành……con nợ !,1,0,0,0,0,0,0,0,1,0,1
Luôn luôn nhớ rằng bạn là duy nhất…giống như những người khác,0,0,1,0,0,0,0,0,0,0,1
Nếu tình yêu là ánh sáng thì hôn nhân là hoá đơn tiền điện !,0,1,0,1,0,0,0,0,0,1,1
"Khi tôi chạy, mọi người dõi theo từng bước chạy của tôi. Mạnh mẽ – Tự tin – Thần tốc. Chạy rất lôi cuốn. Lôi cuốn là phải chạy nhanh. Chạy nhanh thì mới thoát chết. Tôi là…Cướp!",0,0,1,1,0,0,0,0,1,0,0
Điều tuyệt đối nhất chính là tất cả chỉ là tương đối,0,0,1,0,0,0,0,0,1,0,1
Giang hồ hiểm ác anh không sợ…Chỉ sợ đường về vắng bóng em.,0,0,1,1,0,0,0,0,0,1,0
Còn….nói còn tát.,0,0,1,0,0,0,0,0,1,1,0
"Trăm năm bia đá cũng mòn , bia chai cũng bể , chỉ còn bia…ôm.",0,0,1,1,0,0,0,1,0,0,1
Tiền là giấy – Thấy là lấy,0,0,1,0,0,0,0,0,1,0,1
Thà sống hèn còn hơn chết dại.,0,0,1,0,0,0,0,0,1,0,1
Vì tao chắc chắn là trên đời này không có gì là chắc chắn.,0,0,1,0,0,0,0,0,1,0,1
Không bao giờ bán đứng bạn bè… khi chưa được giá.,0,0,1,0,0,0,1,0,1,0,1
"Ai bảo rằng cây không buồn, không khóc…đá không sầu không nhớ thương ai ? Cây không buồn sao lá vàng rơi rụng. Đá không sầu sao đá phủ rêu xanh.",0,1,0,0,0,0,0,0,0,0,1
"Người ta có chí thì nên…còn mình có ""chí"" thì nên gội đầu.",0,0,1,0,0,0,0,0,1,0,1
Một người vợ tốt luôn tha thứ cho chồng khi cô ta sai.,0,1,0,1,0,0,0,0,1,1,1
Tôi cao không bằng ai….nhưng được cái nằm xuống thì tôi dài 1m76 !,0,0,1,1,0,0,0,0,1,0,0
Nếu bạn bị ăn hiếp hãy nhanh tay gọi cho tôi…Tôi sẽ nhanh chân chạy tới…gọi cảnh sát.,0,0,1,0,0,0,1,0,1,0,0
Đừng tự ti vì mình nghèo mà vẫn giỏi mà hãy tự hỏi tại sao mình giỏi mà mình vẫn nghèo.,0,0,1,1,0,0,0,0,1,0,1
Một điều nhịn là chín điều nhục.,0,0,1,1,0,0,0,0,1,0,1
Quân với dân như cá với nước ” Nước thì nuôi sống cá còn cá thì ị vào nước. Chỉ mong một ngày nước sôi…,0,0,1,0,0,0,0,0,1,0,1
Thiếu nữ là chữ viết tắt của….thiếu nữ tính.,0,0,1,0,1,0,0,0,1,0,0
"Người cứu bạn khỏi cảnh sắp hết hơi chưa chắc là 1 bác sĩ, có thể là 1 tay vá xe",0,0,1,0,0,0,0,0,1,0,1
Đi một ngày đàng…mất 10.000 tiền cơm,0,0,1,0,0,0,0,1,1,0,0
Trái tim em chỉ 2 lần mở cửa. Đón anh vào và tống cổ anh ra.,0,0,1,0,1,0,0,0,1,1,0
Thể thao là có hại. Nếu ta sống được thêm 10 năm nhờ luyện tập thì ta cũng mất 15 năm vào các buổi tập luyện đó.,0,0,1,0,0,0,0,0,0,0,1
Người ta mất 3s để nói tiếng yêu….mất 3 giờ để giải thích…mất 3 ngày để chấp nhận và mất cả đời để thực hiện và ân hận….!,0,0,1,1,0,0,0,0,1,1,1
"Học hành như cá kho tiêu, kho nhiều thì mặn học nhiều thì ngu.",0,0,1,0,0,0,0,0,1,0,1
"Ánh sáng đi trước âm thanh, vì thế, con người ta trông có vẻ thông minh cho đến khi ta nghe họ phát biểu!",0,0,1,0,0,0,0,0,1,0,1
